"Source:","C:\Users\yo\Documents\GitHub\Teacup-Rev-C\TeaCup(C)3.3\12-30-23-Teacup.kicad_pcb-revC.kicad_sch"
"Date:","2/21/2024 8:41:49 PM"
"Tool:","Eeschema 7.0.1"
"Generator:","C:\Program Files\KiCad\7.0\bin\scripting\plugins/bom_csv_grouped_by_value.py"
"Component Count:","91"

"Collated Components:"

"Item","Qty","Reference(s)","Value","LibPart","Footprint","Datasheet","DNP","Datasheet_1","Footprint_1","Height","MANUFACTURER","MAXIMUM_PACKAGE_HEIGHT","Manufacturer","Manufacturer Part Number","Manufacturer_Name","Manufacturer_Part_Number","Mouser Part Number","Mouser Price/Stock","PARTREV","STANDARD","Sim.Enable"
"1","6","C1, C4, C7, C10, C13, C16","10uF","Device:C","Capacitor_SMD:C_0805_2012Metric_Pad1.18x1.45mm_HandSolder","~","","","","","","","","","","","","","","","0"
"2","6","C2, C5, C8, C11, C14, C17","1uF","Device:C","Capacitor_SMD:C_0603_1608Metric_Pad1.08x0.95mm_HandSolder","~","","","","","","","","","","","","","","","0"
"3","7","C3, C6, C9, C12, C15, C18, C19","100nF","Device:C","Capacitor_SMD:C_0603_1608Metric_Pad1.08x0.95mm_HandSolder","~","","","","","","","","","","","","","","","0"
"4","2","C20, C21","12pF","Device:C","Capacitor_SMD:C_0402_1005Metric","~","","","","","","","","","","","","","","","0"
"5","1","C22","4.7uF","Device:C","Capacitor_SMD:C_0603_1608Metric_Pad1.08x0.95mm_HandSolder","~","","","","","","","","","","","","","","","0"
"6","20","C23, C24, C25, C26, C28, C30, C31, C32, C34, C35, C36, C37, C38, C39, C41, C42, C43, C44, C45, C46","100nF","Device:C","Capacitor_SMD:C_0402_1005Metric","~","","","","","","","","","","","","","","","0"
"7","1","D1","D_TVS_Dual_AAC","Device:D_TVS_Dual_AAC","Package_TO_SOT_SMD:SOT-23-3","~","","","","","","","NXP","PESD5V0U2BT,215","","","","","","","0"
"8","1","IC1","T31ZX","teacup:T31ZX","teacup:QFN35P900X900X90-89N-D","","","https://www.mouser.in/datasheet/2/198/T31_ZX_DS-2399970.pdf","QFN35P900X900X90-89N-D","0.9","","","Lumissil","T31ZX","Lumissil","T31ZX","870-T31ZX","https://www.mouser.co.uk/ProductDetail/Lumissil/T31ZX?qs=ljCeji4nMDlCcKictkO8%2Fw%3D%3D","","","0"
"9","1","J1","USB Type-C","Connector:USB_C_Receptacle_USB2.0","Connector_USB:USB_C_Receptacle_HRO_TYPE-C-31-M-12","https://www.usb.org/sites/default/files/documents/usb_type-c.zip","","","","","","","Korean Hroparts Elec (GTC)","TYPE-C-31-M-12 (USB4105-GF-A)","","","","","","","0"
"10","1","J2","Micro_SD_Card","Connector:Micro_SD_Card","Connector_Card:microSD_HC_Hirose_DM3D-SF","http://katalog.we-online.de/em/datasheet/693072010801.pdf","","","","","","","","","","","","","","","0"
"11","1","J3","USB_A","Connector:USB_A","Connector_USB:USB_A_TE_292303-7_Horizontal"," ~","","","","","","","","","","","","","","","0"
"12","1","J4","Conn_02x08_Odd_Even","Connector_Generic:Conn_02x08_Odd_Even","Connector_PinHeader_2.54mm:PinHeader_2x08_P2.54mm_Vertical","~","","","","","","","","","","","","","","","0"
"13","2","J6, J7","Conn_02x07_Odd_Even","Connector_Generic:Conn_02x07_Odd_Even","Connector_PinHeader_2.54mm:PinHeader_2x07_P2.54mm_Vertical","~","","","","","","","","","","","","","","","0"
"14","1","J8","DC_IN","Connector:Barrel_Jack_MountingPin","Connector_BarrelJack:BarrelJack_Wuerth_6941xx301002","~","","","","","","","","","","","","","","","0"
"15","2","J9, J14","Conn_01x02_MountingPin","Connector_Generic_MountingPin:Conn_01x02_MountingPin","Connector_PinHeader_2.54mm:PinHeader_1x02_P2.54mm_Vertical","~","","","","","","","","","","","","","","",""
"16","1","J10","AudioJack4_Ground","Connector_Audio:AudioJack4_Ground","Connector_Audio:Jack_3.5mm_PJ320D_Horizontal","~","","","","","","","","","","","","","","","0"
"17","2","J11, J12","Conn_01x04_Pin","Connector:Conn_01x04_Pin","Connector_PinHeader_2.54mm:PinHeader_1x04_P2.54mm_Vertical","~","","","","","","","","","","","","","","","0"
"18","1","J13","SFW15R-2STE1LF","SFW15R-2STE1LF:SFW15R-2STE1LF","SFW15R2STE1LF","https://cdn.amphenol-icc.com/media/wysiwyg/files/drawing/sfw12lf.pdf","","","","2.9","","","","","Amphenol Communications Solutions","SFW15R-2STE1LF","649-SFW15R-2STE1LF","https://www.mouser.co.uk/ProductDetail/Amphenol-FCI/SFW15R-2STE1LF?qs=XRaITl65jnu3B148xsdn9A%3D%3D","","",""
"19","1","J15","Conn_01x03_MountingPin","Connector_Generic_MountingPin:Conn_01x03_MountingPin","Connector_PinHeader_2.54mm:PinHeader_1x03_P2.54mm_Vertical_SMD_Pin1Left","~","","","","","","","","","","","","","","",""
"20","1","J16","Conn_01x03_MountingPin","Connector_Generic_MountingPin:Conn_01x03_MountingPin","Connector_PinHeader_2.54mm:PinHeader_1x03_P2.54mm_Vertical","~","","","","","","","","","","","","","","",""
"21","8","R1, R2, R3, R6, R7, R8, R9, R25","0R","Device:R","Resistor_SMD:R_0603_1608Metric_Pad0.98x0.95mm_HandSolder","~","","","","","","","","","","","","","","","0"
"22","2","R4, R5","5k1","Device:R","Resistor_SMD:R_0603_1608Metric_Pad0.98x0.95mm_HandSolder","~","","","","","","","","","","","","","","","0"
"23","6","R10, R11, R12, R13, R14, R24","100k","Device:R","Resistor_SMD:R_0603_1608Metric_Pad0.98x0.95mm_HandSolder","~","","","","","","","","","","","","","","","0"
"24","6","R15, R16, R17, R18, R19, R20","47k","Device:R","Resistor_SMD:R_0603_1608Metric_Pad0.98x0.95mm_HandSolder","~","","","","","","","","","","","","","","","0"
"25","2","R21, R22","1M","Device:R","Resistor_SMD:R_0402_1005Metric","~","","","","","","","","","","","","","","","0"
"26","1","S1","CJS-1200TA","teacup:CJS-1200TA","teacup:CJS-1200TA","","","","","","","","","","","","","","","","0"
"27","1","S2","TL1015AF160QG","teacup:TL1015AF160QG","teacup:SW_TL1015AF160QG","","","","","","E-Switch","2.1 mm","","","","","","","F","Manufacturer Recommendations","0"
"28","1","SW2","SW_SPDT","Switch:SW_SPDT","Button_Switch_SMD:SW_SPDT_CK-JS102011SAQN","~","","","","","","","","","","","","","","",""
"29","1","U1","AZ1117-3.3","Regulator_Linear:AZ1117-3.3","Package_TO_SOT_SMD:SOT-223-3_TabPin2","https://www.diodes.com/assets/Datasheets/AZ1117.pdf","","","","","","","Diodes Incorporated","AZ1117IH-3.3TRG1","","","","","","","0"
"30","1","U2","AZ1117-1.8","Regulator_Linear:AZ1117-1.8","Package_TO_SOT_SMD:SOT-223-3_TabPin2","https://www.diodes.com/assets/Datasheets/AZ1117.pdf","","","","","","","Diodes Incorporated","AZ1117(CH)-1.8","","","","","","","0"
"31","1","U3","MCP1826S","Regulator_Linear:MCP1826S","Package_TO_SOT_SMD:SOT-223-3_TabPin2","http://ww1.microchip.com/downloads/en/DeviceDoc/22057B.pdf","","","","","","","Microchip","MCP1826S","","","","","","","0"
"32","1","U4","W25Q32JVSS","teacup:W25Q32JVSS","Package_SO:SOIC-8_5.23x5.23mm_P1.27mm","http://www.winbond.com/resource-files/w25q32jv%20revg%2003272018%20plus.pdf","","","","","","","Winbond","W25Q32JVSS","","","","","","","0"
"33","1","Y1","24 MHz","Device:Crystal_GND24","Crystal:Crystal_SMD_2016-4Pin_2.0x1.6mm","~","","","","","","","NDK","NX2016SA-24MHZ-EXS00A-CS07553","","","","","","","0"
